"id","time_idx","time_h","concentration","solver"
"KbBR_x0.5",0,0.1,1205.28805230562,"nlmixr2/rxode2"
"KbBR_x0.5",1,0.911864406779661,319.708035740442,"nlmixr2/rxode2"
"KbBR_x0.5",2,1.72372881355932,193.408512442236,"nlmixr2/rxode2"
"KbBR_x0.5",3,2.53559322033898,127.889563447781,"nlmixr2/rxode2"
"KbBR_x0.5",4,3.34745762711864,89.5219438728803,"nlmixr2/rxode2"
"KbBR_x0.5",5,4.1593220338983,66.3400865877093,"nlmixr2/rxode2"
"KbBR_x0.5",6,4.97118644067797,51.9246882014413,"nlmixr2/rxode2"
"KbBR_x0.5",7,5.78305084745763,42.6224914590892,"nlmixr2/rxode2"
"KbBR_x0.5",8,6.59491525423729,36.3329083827666,"nlmixr2/rxode2"
"KbBR_x0.5",9,7.40677966101695,31.8439085045356,"nlmixr2/rxode2"
"KbBR_x0.5",10,8.21864406779661,28.4540672827172,"nlmixr2/rxode2"
"KbBR_x0.5",11,9.03050847457627,25.7556465972216,"nlmixr2/rxode2"
"KbBR_x0.5",12,9.84237288135593,23.5099513270895,"nlmixr2/rxode2"
"KbBR_x0.5",13,10.6542372881356,21.5757567224597,"nlmixr2/rxode2"
"KbBR_x0.5",14,11.4661016949153,19.8681162145369,"nlmixr2/rxode2"
"KbBR_x0.5",15,12.2779661016949,18.3347318561235,"nlmixr2/rxode2"
"KbBR_x0.5",16,13.0898305084746,16.9422683390981,"nlmixr2/rxode2"
"KbBR_x0.5",17,13.9016949152542,15.6685817795927,"nlmixr2/rxode2"
"KbBR_x0.5",18,14.7135593220339,14.4981476789812,"nlmixr2/rxode2"
"KbBR_x0.5",19,15.5254237288136,13.4194524548905,"nlmixr2/rxode2"
"KbBR_x0.5",20,16.3372881355932,12.4234976669267,"nlmixr2/rxode2"
"KbBR_x0.5",21,17.1491525423729,11.5028900975291,"nlmixr2/rxode2"
"KbBR_x0.5",22,17.9610169491525,10.6513201865883,"nlmixr2/rxode2"
"KbBR_x0.5",23,18.7728813559322,9.86325867828889,"nlmixr2/rxode2"
"KbBR_x0.5",24,19.5847457627119,9.13377237759974,"nlmixr2/rxode2"
"KbBR_x0.5",25,20.3966101694915,8.45840114487695,"nlmixr2/rxode2"
"KbBR_x0.5",26,21.2084745762712,7.83305601654459,"nlmixr2/rxode2"
"KbBR_x0.5",27,22.0203389830508,7.25399354910896,"nlmixr2/rxode2"
"KbBR_x0.5",28,22.8322033898305,6.71776596600079,"nlmixr2/rxode2"
"KbBR_x0.5",29,23.6440677966102,6.22119491180834,"nlmixr2/rxode2"
"KbBR_x0.5",30,24.4559322033898,5.76134096076206,"nlmixr2/rxode2"
"KbBR_x0.5",31,25.2677966101695,5.33548395458119,"nlmixr2/rxode2"
"KbBR_x0.5",32,26.0796610169492,4.94110750618031,"nlmixr2/rxode2"
"KbBR_x0.5",33,26.8915254237288,4.575883489466,"nlmixr2/rxode2"
"KbBR_x0.5",34,27.7033898305085,4.2376565955602,"nlmixr2/rxode2"
"KbBR_x0.5",35,28.5152542372881,3.92443064457583,"nlmixr2/rxode2"
"KbBR_x0.5",36,29.3271186440678,3.63435704951708,"nlmixr2/rxode2"
"KbBR_x0.5",37,30.1389830508475,3.36572427896117,"nlmixr2/rxode2"
"KbBR_x0.5",38,30.9508474576271,3.11694759006228,"nlmixr2/rxode2"
"KbBR_x0.5",39,31.7627118644068,2.88655933037312,"nlmixr2/rxode2"
"KbBR_x0.5",40,32.5745762711864,2.67320021509562,"nlmixr2/rxode2"
"KbBR_x0.5",41,33.3864406779661,2.4756114556235,"nlmixr2/rxode2"
"KbBR_x0.5",42,34.1983050847458,2.29262739874848,"nlmixr2/rxode2"
"KbBR_x0.5",43,35.0101694915254,2.12316857675744,"nlmixr2/rxode2"
"KbBR_x0.5",44,35.8220338983051,1.96623527326794,"nlmixr2/rxode2"
"KbBR_x0.5",45,36.6338983050847,1.82090164281361,"nlmixr2/rxode2"
"KbBR_x0.5",46,37.4457627118644,1.6863102897482,"nlmixr2/rxode2"
"KbBR_x0.5",47,38.2576271186441,1.56166721195593,"nlmixr2/rxode2"
"KbBR_x0.5",48,39.0694915254237,1.44623709340569,"nlmixr2/rxode2"
"KbBR_x0.5",49,39.8813559322034,1.33933895740526,"nlmixr2/rxode2"
"KbBR_x0.5",50,40.6932203389831,1.24034215943995,"nlmixr2/rxode2"
"KbBR_x0.5",51,41.5050847457627,1.14866267482793,"nlmixr2/rxode2"
"KbBR_x0.5",52,42.3169491525424,1.06375964999187,"nlmixr2/rxode2"
"KbBR_x0.5",53,43.128813559322,0.985132206026143,"nlmixr2/rxode2"
"KbBR_x0.5",54,43.9406779661017,0.91231648383733,"nlmixr2/rxode2"
"KbBR_x0.5",55,44.7525423728814,0.844882910880557,"nlmixr2/rxode2"
"KbBR_x0.5",56,45.564406779661,0.782433667928887,"nlmixr2/rxode2"
"KbBR_x0.5",57,46.3762711864407,0.724600340636941,"nlmixr2/rxode2"
"KbBR_x0.5",58,47.1881355932203,0.671041745039648,"nlmixr2/rxode2"
"KbBR_x0.5",59,48,0.621441915285666,"nlmixr2/rxode2"
"KbBR_x1",0,0.1,1110.6556315827,"nlmixr2/rxode2"
"KbBR_x1",1,0.911864406779661,324.138705717297,"nlmixr2/rxode2"
"KbBR_x1",2,1.72372881355932,196.125557527834,"nlmixr2/rxode2"
"KbBR_x1",3,2.53559322033898,130.152663231578,"nlmixr2/rxode2"
"KbBR_x1",4,3.34745762711864,91.305696792255,"nlmixr2/rxode2"
"KbBR_x1",5,4.1593220338983,67.68264161318,"nlmixr2/rxode2"
"KbBR_x1",6,4.97118644067797,52.91238521411,"nlmixr2/rxode2"
"KbBR_x1",7,5.78305084745763,43.3456522569916,"nlmixr2/rxode2"
"KbBR_x1",8,6.59491525423729,36.8672257957813,"nlmixr2/rxode2"
"KbBR_x1",9,7.40677966101695,32.2468060655928,"nlmixr2/rxode2"
"KbBR_x1",10,8.21864406779661,28.766701971763,"nlmixr2/rxode2"
"KbBR_x1",11,9.03050847457627,26.0064136331599,"nlmixr2/rxode2"
"KbBR_x1",12,9.84237288135593,23.7180399943592,"nlmixr2/rxode2"
"KbBR_x1",13,10.6542372881356,21.7539065642367,"nlmixr2/rxode2"
"KbBR_x1",14,11.4661016949153,20.0247161100417,"nlmixr2/rxode2"
"KbBR_x1",15,12.2779661016949,18.4752546509692,"nlmixr2/rxode2"
"KbBR_x1",16,13.0898305084746,17.0703381252158,"nlmixr2/rxode2"
"KbBR_x1",17,13.9016949152542,15.7865944142192,"nlmixr2/rxode2"
"KbBR_x1",18,14.7135593220339,14.6077111791468,"nlmixr2/rxode2"
"KbBR_x1",19,15.5254237288136,13.5216912156427,"nlmixr2/rxode2"
"KbBR_x1",20,16.3372881355932,12.5192126767251,"nlmixr2/rxode2"
"KbBR_x1",21,17.1491525423729,11.5926759472035,"nlmixr2/rxode2"
"KbBR_x1",22,17.9610169491525,10.7356534351776,"nlmixr2/rxode2"
"KbBR_x1",23,18.7728813559322,9.94252917979811,"nlmixr2/rxode2"
"KbBR_x1",24,19.5847457627119,9.20831439755952,"nlmixr2/rxode2"
"KbBR_x1",25,20.3966101694915,8.52850451040881,"nlmixr2/rxode2"
"KbBR_x1",26,21.2084745762712,7.89898778954421,"nlmixr2/rxode2"
"KbBR_x1",27,22.0203389830508,7.31599670825914,"nlmixr2/rxode2"
"KbBR_x1",28,22.8322033898305,6.77606840597937,"nlmixr2/rxode2"
"KbBR_x1",29,23.6440677966102,6.27600862311348,"nlmixr2/rxode2"
"KbBR_x1",30,24.4559322033898,5.81286482900851,"nlmixr2/rxode2"
"KbBR_x1",31,25.2677966101695,5.38390693905392,"nlmixr2/rxode2"
"KbBR_x1",32,26.0796610169492,4.98660989555128,"nlmixr2/rxode2"
"KbBR_x1",33,26.8915254237288,4.61863439839969,"nlmixr2/rxode2"
"KbBR_x1",34,27.7033898305085,4.27781341997686,"nlmixr2/rxode2"
"KbBR_x1",35,28.5152542372881,3.96214195614691,"nlmixr2/rxode2"
"KbBR_x1",36,29.3271186440678,3.6697648454296,"nlmixr2/rxode2"
"KbBR_x1",37,30.1389830508475,3.3989637029104,"nlmixr2/rxode2"
"KbBR_x1",38,30.9508474576271,3.14814605692106,"nlmixr2/rxode2"
"KbBR_x1",39,31.7627118644068,2.9158367772632,"nlmixr2/rxode2"
"KbBR_x1",40,32.5745762711864,2.70067002525701,"nlmixr2/rxode2"
"KbBR_x1",41,33.3864406779661,2.50138100244965,"nlmixr2/rxode2"
"KbBR_x1",42,34.1983050847458,2.31679811624435,"nlmixr2/rxode2"
"KbBR_x1",43,35.0101694915254,2.14583607365281,"nlmixr2/rxode2"
"KbBR_x1",44,35.8220338983051,1.98748969129525,"nlmixr2/rxode2"
"KbBR_x1",45,36.6338983050847,1.84082804860248,"nlmixr2/rxode2"
"KbBR_x1",46,37.4457627118644,1.70498893678719,"nlmixr2/rxode2"
"KbBR_x1",47,38.2576271186441,1.57917373545446,"nlmixr2/rxode2"
"KbBR_x1",48,39.0694915254237,1.46264273762613,"nlmixr2/rxode2"
"KbBR_x1",49,39.8813559322034,1.35471083269471,"nlmixr2/rxode2"
"KbBR_x1",50,40.6932203389831,1.25474347926095,"nlmixr2/rxode2"
"KbBR_x1",51,41.5050847457627,1.16215295928489,"nlmixr2/rxode2"
"KbBR_x1",52,42.3169491525424,1.07639491710423,"nlmixr2/rxode2"
"KbBR_x1",53,43.128813559322,0.996965164820712,"nlmixr2/rxode2"
"KbBR_x1",54,43.9406779661017,0.923396722537264,"nlmixr2/rxode2"
"KbBR_x1",55,44.7525423728814,0.85525707149391,"nlmixr2/rxode2"
"KbBR_x1",56,45.564406779661,0.79214560869769,"nlmixr2/rxode2"
"KbBR_x1",57,46.3762711864407,0.733691291647302,"nlmixr2/rxode2"
"KbBR_x1",58,47.1881355932203,0.679550458079099,"nlmixr2/rxode2"
"KbBR_x1",59,48,0.629404805866117,"nlmixr2/rxode2"
"KbBR_x2",0,0.1,1009.57090531731,"nlmixr2/rxode2"
"KbBR_x2",1,0.911864406779661,329.581461849931,"nlmixr2/rxode2"
"KbBR_x2",2,1.72372881355932,201.290442916712,"nlmixr2/rxode2"
"KbBR_x2",3,2.53559322033898,134.609857106895,"nlmixr2/rxode2"
"KbBR_x2",4,3.34745762711864,94.9507743370448,"nlmixr2/rxode2"
"KbBR_x2",5,4.1593220338983,70.5028164869894,"nlmixr2/rxode2"
"KbBR_x2",6,4.97118644067797,55.0281780665559,"nlmixr2/rxode2"
"KbBR_x2",7,5.78305084745763,44.9147755365914,"nlmixr2/rxode2"
"KbBR_x2",8,6.59491525423729,38.0345544867452,"nlmixr2/rxode2"
"KbBR_x2",9,7.40677966101695,33.128133747913,"nlmixr2/rxode2"
"KbBR_x2",10,8.21864406779661,29.4480598840709,"nlmixr2/rxode2"
"KbBR_x2",11,9.03050847457627,26.5489523322236,"nlmixr2/rxode2"
"KbBR_x2",12,9.84237288135593,24.1640517484277,"nlmixr2/rxode2"
"KbBR_x2",13,10.6542372881356,22.131957706751,"nlmixr2/rxode2"
"KbBR_x2",14,11.4661016949153,20.353920673297,"nlmixr2/rxode2"
"KbBR_x2",15,12.2779661016949,18.7683584435685,"nlmixr2/rxode2"
"KbBR_x2",16,13.0898305084746,17.3357926796964,"nlmixr2/rxode2"
"KbBR_x2",17,13.9016949152542,16.0300358754118,"nlmixr2/rxode2"
"KbBR_x2",18,14.7135593220339,14.8329435292279,"nlmixr2/rxode2"
"KbBR_x2",19,15.5254237288136,13.7313653952717,"nlmixr2/rxode2"
"KbBR_x2",20,16.3372881355932,12.715190614348,"nlmixr2/rxode2"
"KbBR_x2",21,17.1491525423729,11.7763461532813,"nlmixr2/rxode2"
"KbBR_x2",22,17.9610169491525,10.9080926007151,"nlmixr2/rxode2"
"KbBR_x2",23,18.7728813559322,10.1045820048665,"nlmixr2/rxode2"
"KbBR_x2",24,19.5847457627119,9.36071363260741,"nlmixr2/rxode2"
"KbBR_x2",25,20.3966101694915,8.67182961193581,"nlmixr2/rxode2"
"KbBR_x2",26,21.2084745762712,8.03381171587771,"nlmixr2/rxode2"
"KbBR_x2",27,22.0203389830508,7.44283273023703,"nlmixr2/rxode2"
"KbBR_x2",28,22.8322033898305,6.89538030054527,"nlmixr2/rxode2"
"KbBR_x2",29,23.6440677966102,6.38821609242429,"nlmixr2/rxode2"
"KbBR_x2",30,24.4559322033898,5.91836673465416,"nlmixr2/rxode2"
"KbBR_x2",31,25.2677966101695,5.48308949814637,"nlmixr2/rxode2"
"KbBR_x2",32,26.0796610169492,5.07983491442174,"nlmixr2/rxode2"
"KbBR_x2",33,26.8915254237288,4.70624063188245,"nlmixr2/rxode2"
"KbBR_x2",34,27.7033898305085,4.36012321051599,"nlmixr2/rxode2"
"KbBR_x2",35,28.5152542372881,4.03946183329624,"nlmixr2/rxode2"
"KbBR_x2",36,29.3271186440678,3.74238420990417,"nlmixr2/rxode2"
"KbBR_x2",37,30.1389830508475,3.46715600657535,"nlmixr2/rxode2"
"KbBR_x2",38,30.9508474576271,3.21217064071598,"nlmixr2/rxode2"
"KbBR_x2",39,31.7627118644068,2.97593843147066,"nlmixr2/rxode2"
"KbBR_x2",40,32.5745762711864,2.75707909295264,"nlmixr2/rxode2"
"KbBR_x2",41,33.3864406779661,2.55431476164812,"nlmixr2/rxode2"
"KbBR_x2",42,34.1983050847458,2.36646219518174,"nlmixr2/rxode2"
"KbBR_x2",43,35.0101694915254,2.19242524286536,"nlmixr2/rxode2"
"KbBR_x2",44,35.8220338983051,2.03118774401559,"nlmixr2/rxode2"
"KbBR_x2",45,36.6338983050847,1.88180785974057,"nlmixr2/rxode2"
"KbBR_x2",46,37.4457627118644,1.74341377589155,"nlmixr2/rxode2"
"KbBR_x2",47,38.2576271186441,1.61519777427564,"nlmixr2/rxode2"
"KbBR_x2",48,39.0694915254237,1.4964111475977,"nlmixr2/rxode2"
"KbBR_x2",49,39.8813559322034,1.38636047666446,"nlmixr2/rxode2"
"KbBR_x2",50,40.6932203389831,1.28440325661238,"nlmixr2/rxode2"
"KbBR_x2",51,41.5050847457627,1.18994426323747,"nlmixr2/rxode2"
"KbBR_x2",52,42.3169491525424,1.10243208102201,"nlmixr2/rxode2"
"KbBR_x2",53,43.128813559322,1.0213558259274,"nlmixr2/rxode2"
"KbBR_x2",54,43.9406779661017,0.9462421711143,"nlmixr2/rxode2"
"KbBR_x2",55,44.7525423728814,0.876652601675195,"nlmixr2/rxode2"
"KbBR_x2",56,45.564406779661,0.812180860978793,"nlmixr2/rxode2"
"KbBR_x2",57,46.3762711864407,0.752450572405683,"nlmixr2/rxode2"
"KbBR_x2",58,47.1881355932203,0.697113035629899,"nlmixr2/rxode2"
"KbBR_x2",59,48,0.64584519221374,"nlmixr2/rxode2"
"CLint_x0.5",0,0.1,1153.26875758841,"nlmixr2/rxode2"
"CLint_x0.5",1,0.911864406779661,428.504375104429,"nlmixr2/rxode2"
"CLint_x0.5",2,1.72372881355932,286.130727852264,"nlmixr2/rxode2"
"CLint_x0.5",3,2.53559322033898,207.219470466148,"nlmixr2/rxode2"
"CLint_x0.5",4,3.34745762711864,156.470932777411,"nlmixr2/rxode2"
"CLint_x0.5",5,4.1593220338983,122.812234076058,"nlmixr2/rxode2"
"CLint_x0.5",6,4.97118644067797,100.009995736122,"nlmixr2/rxode2"
"CLint_x0.5",7,5.78305084745763,84.1779497910508,"nlmixr2/rxode2"
"CLint_x0.5",8,6.59491525423729,72.8521097312036,"nlmixr2/rxode2"
"CLint_x0.5",9,7.40677966101695,64.4646428115594,"nlmixr2/rxode2"
"CLint_x0.5",10,8.21864406779661,58.0159040747551,"nlmixr2/rxode2"
"CLint_x0.5",11,9.03050847457627,52.8669604157537,"nlmixr2/rxode2"
"CLint_x0.5",12,9.84237288135593,48.6080861178342,"nlmixr2/rxode2"
"CLint_x0.5",13,10.6542372881356,44.9752533514393,"nlmixr2/rxode2"
"CLint_x0.5",14,11.4661016949153,41.7971484529647,"nlmixr2/rxode2"
"CLint_x0.5",15,12.2779661016949,38.9615206170074,"nlmixr2/rxode2"
"CLint_x0.5",16,13.0898305084746,36.3937849471589,"nlmixr2/rxode2"
"CLint_x0.5",17,13.9016949152542,34.0435141324212,"nlmixr2/rxode2"
"CLint_x0.5",18,14.7135593220339,31.8757677252421,"nlmixr2/rxode2"
"CLint_x0.5",19,15.5254237288136,29.8656141651292,"nlmixr2/rxode2"
"CLint_x0.5",20,16.3372881355932,27.9946711922794,"nlmixr2/rxode2"
"CLint_x0.5",21,17.1491525423729,26.2488472261534,"nlmixr2/rxode2"
"CLint_x0.5",22,17.9610169491525,24.6169149347521,"nlmixr2/rxode2"
"CLint_x0.5",23,18.7728813559322,23.089623821355,"nlmixr2/rxode2"
"CLint_x0.5",24,19.5847457627119,21.6591172775357,"nlmixr2/rxode2"
"CLint_x0.5",25,20.3966101694915,20.3185260816378,"nlmixr2/rxode2"
"CLint_x0.5",26,21.2084745762712,19.0617230979879,"nlmixr2/rxode2"
"CLint_x0.5",27,22.0203389830508,17.8831730373513,"nlmixr2/rxode2"
"CLint_x0.5",28,22.8322033898305,16.7778191069917,"nlmixr2/rxode2"
"CLint_x0.5",29,23.6440677966102,15.7409973736869,"nlmixr2/rxode2"
"CLint_x0.5",30,24.4559322033898,14.7683823184013,"nlmixr2/rxode2"
"CLint_x0.5",31,25.2677966101695,13.8559472676715,"nlmixr2/rxode2"
"CLint_x0.5",32,26.0796610169492,12.9999372186545,"nlmixr2/rxode2"
"CLint_x0.5",33,26.8915254237288,12.1968443119234,"nlmixr2/rxode2"
"CLint_x0.5",34,27.7033898305085,11.4433858076089,"nlmixr2/rxode2"
"CLint_x0.5",35,28.5152542372881,10.7364862856711,"nlmixr2/rxode2"
"CLint_x0.5",36,29.3271186440678,10.0732631178674,"nlmixr2/rxode2"
"CLint_x0.5",37,30.1389830508475,9.45101465932465,"nlmixr2/rxode2"
"CLint_x0.5",38,30.9508474576271,8.86720702181912,"nlmixr2/rxode2"
"CLint_x0.5",39,31.7627118644068,8.3194655398176,"nlmixr2/rxode2"
"CLint_x0.5",40,32.5745762711864,7.80555868992219,"nlmixr2/rxode2"
"CLint_x0.5",41,33.3864406779661,7.32340137986662,"nlmixr2/rxode2"
"CLint_x0.5",42,34.1983050847458,6.87101987264266,"nlmixr2/rxode2"
"CLint_x0.5",43,35.0101694915254,6.44660481300925,"nlmixr2/rxode2"
"CLint_x0.5",44,35.8220338983051,6.04837211421979,"nlmixr2/rxode2"
"CLint_x0.5",45,36.6338983050847,5.67476543724786,"nlmixr2/rxode2"
"CLint_x0.5",46,37.4457627118644,5.32422681235968,"nlmixr2/rxode2"
"CLint_x0.5",47,38.2576271186441,4.99534209403177,"nlmixr2/rxode2"
"CLint_x0.5",48,39.0694915254237,4.68677335069994,"nlmixr2/rxode2"
"CLint_x0.5",49,39.8813559322034,4.39726576793983,"nlmixr2/rxode2"
"CLint_x0.5",50,40.6932203389831,4.12564163124411,"nlmixr2/rxode2"
"CLint_x0.5",51,41.5050847457627,3.87079558630073,"nlmixr2/rxode2"
"CLint_x0.5",52,42.3169491525424,3.63169089145542,"nlmixr2/rxode2"
"CLint_x0.5",53,43.128813559322,3.40735715669215,"nlmixr2/rxode2"
"CLint_x0.5",54,43.9406779661017,3.19687765979722,"nlmixr2/rxode2"
"CLint_x0.5",55,44.7525423728814,2.99940406516972,"nlmixr2/rxode2"
"CLint_x0.5",56,45.564406779661,2.81412595700093,"nlmixr2/rxode2"
"CLint_x0.5",57,46.3762711864407,2.64029925547118,"nlmixr2/rxode2"
"CLint_x0.5",58,47.1881355932203,2.4771979369259,"nlmixr2/rxode2"
"CLint_x0.5",59,48,2.32418050804077,"nlmixr2/rxode2"
"CLint_x2",0,0.1,1046.65835294775,"nlmixr2/rxode2"
"CLint_x2",1,0.911864406779661,244.983428916916,"nlmixr2/rxode2"
"CLint_x2",2,1.72372881355932,136.470408423188,"nlmixr2/rxode2"
"CLint_x2",3,2.53559322033898,84.2283481421948,"nlmixr2/rxode2"
"CLint_x2",4,3.34745762711864,55.8157345782026,"nlmixr2/rxode2"
"CLint_x2",5,4.1593220338983,39.8053719155271,"nlmixr2/rxode2"
"CLint_x2",6,4.97118644067797,30.4508783644611,"nlmixr2/rxode2"
"CLint_x2",7,5.78305084745763,24.7111643142474,"nlmixr2/rxode2"
"CLint_x2",8,6.59491525423729,20.96096704887,"nlmixr2/rxode2"
"CLint_x2",9,7.40677966101695,18.3282585510906,"nlmixr2/rxode2"
"CLint_x2",10,8.21864406779661,16.3432144828906,"nlmixr2/rxode2"
"CLint_x2",11,9.03050847457627,14.7509152499855,"nlmixr2/rxode2"
"CLint_x2",12,9.84237288135593,13.4115331703018,"nlmixr2/rxode2"
"CLint_x2",13,10.6542372881356,12.2468492559371,"nlmixr2/rxode2"
"CLint_x2",14,11.4661016949153,11.2119495213583,"nlmixr2/rxode2"
"CLint_x2",15,12.2779661016949,10.2798667412465,"nlmixr2/rxode2"
"CLint_x2",16,13.0898305084746,9.43351662009095,"nlmixr2/rxode2"
"CLint_x2",17,13.9016949152542,8.66123997153088,"nlmixr2/rxode2"
"CLint_x2",18,14.7135593220339,7.95453577505947,"nlmixr2/rxode2"
"CLint_x2",19,15.5254237288136,7.30675867515459,"nlmixr2/rxode2"
"CLint_x2",20,16.3372881355932,6.71240257613725,"nlmixr2/rxode2"
"CLint_x2",21,17.1491525423729,6.1667467426383,"nlmixr2/rxode2"
"CLint_x2",22,17.9610169491525,5.66563833071275,"nlmixr2/rxode2"
"CLint_x2",23,18.7728813559322,5.20535613014655,"nlmixr2/rxode2"
"CLint_x2",24,19.5847457627119,4.78252291357312,"nlmixr2/rxode2"
"CLint_x2",25,20.3966101694915,4.39406299676224,"nlmixr2/rxode2"
"CLint_x2",26,21.2084745762712,4.03716961001594,"nlmixr2/rxode2"
"CLint_x2",27,22.0203389830508,3.70927299579296,"nlmixr2/rxode2"
"CLint_x2",28,22.8322033898305,3.40801363272756,"nlmixr2/rxode2"
"CLint_x2",29,23.6440677966102,3.13122435217945,"nlmixr2/rxode2"
"CLint_x2",30,24.4559322033898,2.87691586947667,"nlmixr2/rxode2"
"CLint_x2",31,25.2677966101695,2.64326214994289,"nlmixr2/rxode2"
"CLint_x2",32,26.0796610169492,2.42858576448577,"nlmixr2/rxode2"
"CLint_x2",33,26.8915254237288,2.23134506059181,"nlmixr2/rxode2"
"CLint_x2",34,27.7033898305085,2.05012354393513,"nlmixr2/rxode2"
"CLint_x2",35,28.5152542372881,1.88362007870726,"nlmixr2/rxode2"
"CLint_x2",36,29.3271186440678,1.73063947367761,"nlmixr2/rxode2"
"CLint_x2",37,30.1389830508475,1.59008347716934,"nlmixr2/rxode2"
"CLint_x2",38,30.9508474576271,1.46094296012991,"nlmixr2/rxode2"
"CLint_x2",39,31.7627118644068,1.34229068645413,"nlmixr2/rxode2"
"CLint_x2",40,32.5745762711864,1.23327490716238,"nlmixr2/rxode2"
"CLint_x2",41,33.3864406779661,1.13311296021405,"nlmixr2/rxode2"
"CLint_x2",42,34.1983050847458,1.04108585393971,"nlmixr2/rxode2"
"CLint_x2",43,35.0101694915254,0.956532789062913,"nlmixr2/rxode2"
"CLint_x2",44,35.8220338983051,0.87884682639233,"nlmixr2/rxode2"
"CLint_x2",45,36.6338983050847,0.807470205206355,"nlmixr2/rxode2"
"CLint_x2",46,37.4457627118644,0.74189053489344,"nlmixr2/rxode2"
"CLint_x2",47,38.2576271186441,0.681636999657151,"nlmixr2/rxode2"
"CLint_x2",48,39.0694915254237,0.626277024980156,"nlmixr2/rxode2"
"CLint_x2",49,39.8813559322034,0.575413175249196,"nlmixr2/rxode2"
"CLint_x2",50,40.6932203389831,0.528680295576264,"nlmixr2/rxode2"
"CLint_x2",51,41.5050847457627,0.485742885201277,"nlmixr2/rxode2"
"CLint_x2",52,42.3169491525424,0.446292688716261,"nlmixr2/rxode2"
"CLint_x2",53,43.128813559322,0.410046486719855,"nlmixr2/rxode2"
"CLint_x2",54,43.9406779661017,0.376744063604874,"nlmixr2/rxode2"
"CLint_x2",55,44.7525423728814,0.346146337641885,"nlmixr2/rxode2"
"CLint_x2",56,45.564406779661,0.318033643436818,"nlmixr2/rxode2"
"CLint_x2",57,46.3762711864407,0.292204155596555,"nlmixr2/rxode2"
"CLint_x2",58,47.1881355932203,0.268472440663721,"nlmixr2/rxode2"
"CLint_x2",59,48,0.246668125745979,"nlmixr2/rxode2"
"KbAD_x0.5",0,0.1,1113.25768453632,"nlmixr2/rxode2"
"KbAD_x0.5",1,0.911864406779661,337.392607783367,"nlmixr2/rxode2"
"KbAD_x0.5",2,1.72372881355932,214.239260151544,"nlmixr2/rxode2"
"KbAD_x0.5",3,2.53559322033898,149.755598809537,"nlmixr2/rxode2"
"KbAD_x0.5",4,3.34745762711864,110.215205010497,"nlmixr2/rxode2"
"KbAD_x0.5",5,4.1593220338983,84.6143835679494,"nlmixr2/rxode2"
"KbAD_x0.5",6,4.97118644067797,67.2310274342826,"nlmixr2/rxode2"
"KbAD_x0.5",7,5.78305084745763,54.8479805832442,"nlmixr2/rxode2"
"KbAD_x0.5",8,6.59491525423729,45.6162161201441,"nlmixr2/rxode2"
"KbAD_x0.5",9,7.40677966101695,38.4549272615117,"nlmixr2/rxode2"
"KbAD_x0.5",10,8.21864406779661,32.7186716351335,"nlmixr2/rxode2"
"KbAD_x0.5",11,9.03050847457627,28.0108350287797,"nlmixr2/rxode2"
"KbAD_x0.5",12,9.84237288135593,24.0787106056401,"nlmixr2/rxode2"
"KbAD_x0.5",13,10.6542372881356,20.7541775911287,"nlmixr2/rxode2"
"KbAD_x0.5",14,11.4661016949153,17.9199847204294,"nlmixr2/rxode2"
"KbAD_x0.5",15,12.2779661016949,15.4904176395154,"nlmixr2/rxode2"
"KbAD_x0.5",16,13.0898305084746,13.4001204825026,"nlmixr2/rxode2"
"KbAD_x0.5",17,13.9016949152542,11.5974125195028,"nlmixr2/rxode2"
"KbAD_x0.5",18,14.7135593220339,10.0403149384125,"nlmixr2/rxode2"
"KbAD_x0.5",19,15.5254237288136,8.69401555065162,"nlmixr2/rxode2"
"KbAD_x0.5",20,16.3372881355932,7.52920680397272,"nlmixr2/rxode2"
"KbAD_x0.5",21,17.1491525423729,6.52099332565109,"nlmixr2/rxode2"
"KbAD_x0.5",22,17.9610169491525,5.64809222162655,"nlmixr2/rxode2"
"KbAD_x0.5",23,18.7728813559322,4.892211191201,"nlmixr2/rxode2"
"KbAD_x0.5",24,19.5847457627119,4.23758228401558,"nlmixr2/rxode2"
"KbAD_x0.5",25,20.3966101694915,3.67060043999027,"nlmixr2/rxode2"
"KbAD_x0.5",26,21.2084745762712,3.17950972777329,"nlmixr2/rxode2"
"KbAD_x0.5",27,22.0203389830508,2.75414075820414,"nlmixr2/rxode2"
"KbAD_x0.5",28,22.8322033898305,2.38569068803807,"nlmixr2/rxode2"
"KbAD_x0.5",29,23.6440677966102,2.06653714373754,"nlmixr2/rxode2"
"KbAD_x0.5",30,24.4559322033898,1.79008153920976,"nlmixr2/rxode2"
"KbAD_x0.5",31,25.2677966101695,1.55061086571612,"nlmixr2/rxode2"
"KbAD_x0.5",32,26.0796610169492,1.34317701535293,"nlmixr2/rxode2"
"KbAD_x0.5",33,26.8915254237288,1.16349349601888,"nlmixr2/rxode2"
"KbAD_x0.5",34,27.7033898305085,1.00784734790419,"nlmixr2/rxode2"
"KbAD_x0.5",35,28.5152542372881,0.873022631581174,"nlmixr2/rxode2"
"KbAD_x0.5",36,29.3271186440678,0.756234819229117,"nlmixr2/rxode2"
"KbAD_x0.5",37,30.1389830508475,0.65506895874735,"nlmixr2/rxode2"
"KbAD_x0.5",38,30.9508474576271,0.567441118387348,"nlmixr2/rxode2"
"KbAD_x0.5",39,31.7627118644068,0.491522327916074,"nlmixr2/rxode2"
"KbAD_x0.5",40,32.5745762711864,0.425767584305988,"nlmixr2/rxode2"
"KbAD_x0.5",41,33.3864406779661,0.368819442412798,"nlmixr2/rxode2"
"KbAD_x0.5",42,34.1983050847458,0.319479262471283,"nlmixr2/rxode2"
"KbAD_x0.5",43,35.0101694915254,0.276741450414985,"nlmixr2/rxode2"
"KbAD_x0.5",44,35.8220338983051,0.239720625289586,"nlmixr2/rxode2"
"KbAD_x0.5",45,36.6338983050847,0.207652065386486,"nlmixr2/rxode2"
"KbAD_x0.5",46,37.4457627118644,0.179873615785085,"nlmixr2/rxode2"
"KbAD_x0.5",47,38.2576271186441,0.155811144143706,"nlmixr2/rxode2"
"KbAD_x0.5",48,39.0694915254237,0.134967609761437,"nlmixr2/rxode2"
"KbAD_x0.5",49,39.8813559322034,0.116912426526489,"nlmixr2/rxode2"
"KbAD_x0.5",50,40.6932203389831,0.101272550729198,"nlmixr2/rxode2"
"KbAD_x0.5",51,41.5050847457627,0.0877248844784206,"nlmixr2/rxode2"
"KbAD_x0.5",52,42.3169491525424,0.0759895533098392,"nlmixr2/rxode2"
"KbAD_x0.5",53,43.128813559322,0.0658241074735462,"nlmixr2/rxode2"
"KbAD_x0.5",54,43.9406779661017,0.0570185345084925,"nlmixr2/rxode2"
"KbAD_x0.5",55,44.7525423728814,0.0493909211575978,"nlmixr2/rxode2"
"KbAD_x0.5",56,45.564406779661,0.0427836869392675,"nlmixr2/rxode2"
"KbAD_x0.5",57,46.3762711864407,0.0370603303698082,"nlmixr2/rxode2"
"KbAD_x0.5",58,47.1881355932203,0.0321026115292752,"nlmixr2/rxode2"
"KbAD_x0.5",59,48,0.0278081080604939,"nlmixr2/rxode2"
"KbAD_x2",0,0.1,1109.34086185833,"nlmixr2/rxode2"
"KbAD_x2",1,0.911864406779661,316.858114135041,"nlmixr2/rxode2"
"KbAD_x2",2,1.72372881355932,185.328705015596,"nlmixr2/rxode2"
"KbAD_x2",3,2.53559322033898,117.426934646444,"nlmixr2/rxode2"
"KbAD_x2",4,3.34745762711864,77.8298918489017,"nlmixr2/rxode2"
"KbAD_x2",5,4.1593220338983,54.2806778374841,"nlmixr2/rxode2"
"KbAD_x2",6,4.97118644067797,40.1196228437574,"nlmixr2/rxode2"
"KbAD_x2",7,5.78305084745763,31.4819931395231,"nlmixr2/rxode2"
"KbAD_x2",8,6.59491525423729,26.1014400216923,"nlmixr2/rxode2"
"KbAD_x2",9,7.40677966101695,22.6463577405064,"nlmixr2/rxode2"
"KbAD_x2",10,8.21864406779661,20.3339325618007,"nlmixr2/rxode2"
"KbAD_x2",11,9.03050847457627,18.7037938021251,"nlmixr2/rxode2"
"KbAD_x2",12,9.84237288135593,17.4850111073663,"nlmixr2/rxode2"
"KbAD_x2",13,10.6542372881356,16.5180124131745,"nlmixr2/rxode2"
"KbAD_x2",14,11.4661016949153,15.7086320089486,"nlmixr2/rxode2"
"KbAD_x2",15,12.2779661016949,15.0011885492516,"nlmixr2/rxode2"
"KbAD_x2",16,13.0898305084746,14.3625933982876,"nlmixr2/rxode2"
"KbAD_x2",17,13.9016949152542,13.7730542396719,"nlmixr2/rxode2"
"KbAD_x2",18,14.7135593220339,13.220628264052,"nlmixr2/rxode2"
"KbAD_x2",19,15.5254237288136,12.6979587146707,"nlmixr2/rxode2"
"KbAD_x2",20,16.3372881355932,12.2004235508689,"nlmixr2/rxode2"
"KbAD_x2",21,17.1491525423729,11.7250186310253,"nlmixr2/rxode2"
"KbAD_x2",22,17.9610169491525,11.2696907800667,"nlmixr2/rxode2"
"KbAD_x2",23,18.7728813559322,10.8329495510953,"nlmixr2/rxode2"
"KbAD_x2",24,19.5847457627119,10.4136638836685,"nlmixr2/rxode2"
"KbAD_x2",25,20.3966101694915,10.0109222784307,"nlmixr2/rxode2"
"KbAD_x2",26,21.2084745762712,9.62394402318207,"nlmixr2/rxode2"
"KbAD_x2",27,22.0203389830508,9.25203226558788,"nlmixr2/rxode2"
"KbAD_x2",28,22.8322033898305,8.89455404121479,"nlmixr2/rxode2"
"KbAD_x2",29,23.6440677966102,8.55092469311112,"nlmixr2/rxode2"
"KbAD_x2",30,24.4559322033898,8.22059427296173,"nlmixr2/rxode2"
"KbAD_x2",31,25.2677966101695,7.90303882230015,"nlmixr2/rxode2"
"KbAD_x2",32,26.0796610169492,7.59775783183745,"nlmixr2/rxode2"
"KbAD_x2",33,26.8915254237288,7.30427346502755,"nlmixr2/rxode2"
"KbAD_x2",34,27.7033898305085,7.02212853676262,"nlmixr2/rxode2"
"KbAD_x2",35,28.5152542372881,6.75088408972753,"nlmixr2/rxode2"
"KbAD_x2",36,29.3271186440678,6.49011810149621,"nlmixr2/rxode2"
"KbAD_x2",37,30.1389830508475,6.23942514049798,"nlmixr2/rxode2"
"KbAD_x2",38,30.9508474576271,5.99841590968968,"nlmixr2/rxode2"
"KbAD_x2",39,31.7627118644068,5.76671635784356,"nlmixr2/rxode2"
"KbAD_x2",40,32.5745762711864,5.54396681085371,"nlmixr2/rxode2"
"KbAD_x2",41,33.3864406779661,5.32982142336783,"nlmixr2/rxode2"
"KbAD_x2",42,34.1983050847458,5.12394777438493,"nlmixr2/rxode2"
"KbAD_x2",43,35.0101694915254,4.92602636828515,"nlmixr2/rxode2"
"KbAD_x2",44,35.8220338983051,4.73575005717674,"nlmixr2/rxode2"
"KbAD_x2",45,36.6338983050847,4.55282352076126,"nlmixr2/rxode2"
"KbAD_x2",46,37.4457627118644,4.37696283596501,"nlmixr2/rxode2"
"KbAD_x2",47,38.2576271186441,4.20789506750547,"nlmixr2/rxode2"
"KbAD_x2",48,39.0694915254237,4.04535783718,"nlmixr2/rxode2"
"KbAD_x2",49,39.8813559322034,3.88909889579339,"nlmixr2/rxode2"
"KbAD_x2",50,40.6932203389831,3.73887572831014,"nlmixr2/rxode2"
"KbAD_x2",51,41.5050847457627,3.59445518783446,"nlmixr2/rxode2"
"KbAD_x2",52,42.3169491525424,3.45561313891643,"nlmixr2/rxode2"
"KbAD_x2",53,43.128813559322,3.32213410546377,"nlmixr2/rxode2"
"KbAD_x2",54,43.9406779661017,3.19381093195077,"nlmixr2/rxode2"
"KbAD_x2",55,44.7525423728814,3.07044446279781,"nlmixr2/rxode2"
"KbAD_x2",56,45.564406779661,2.95184323602637,"nlmixr2/rxode2"
"KbAD_x2",57,46.3762711864407,2.83782318653248,"nlmixr2/rxode2"
"KbAD_x2",58,47.1881355932203,2.72820735901505,"nlmixr2/rxode2"
"KbAD_x2",59,48,2.62282563262808,"nlmixr2/rxode2"
"KbBO_x0.5",0,0.1,1148.04523869265,"nlmixr2/rxode2"
"KbBO_x0.5",1,0.911864406779661,323.903455390487,"nlmixr2/rxode2"
"KbBO_x0.5",2,1.72372881355932,192.396259230492,"nlmixr2/rxode2"
"KbBO_x0.5",3,2.53559322033898,127.000020179588,"nlmixr2/rxode2"
"KbBO_x0.5",4,3.34745762711864,88.7778222961201,"nlmixr2/rxode2"
"KbBO_x0.5",5,4.1593220338983,65.7523018258958,"nlmixr2/rxode2"
"KbBO_x0.5",6,4.97118644067797,51.4832318132121,"nlmixr2/rxode2"
"KbBO_x0.5",7,5.78305084745763,42.2999602578196,"nlmixr2/rxode2"
"KbBO_x0.5",8,6.59491525423729,36.0993272335142,"nlmixr2/rxode2"
"KbBO_x0.5",9,7.40677966101695,31.6737529731477,"nlmixr2/rxode2"
"KbBO_x0.5",10,8.21864406779661,28.3277619112248,"nlmixr2/rxode2"
"KbBO_x0.5",11,9.03050847457627,25.6592656266911,"nlmixr2/rxode2"
"KbBO_x0.5",12,9.84237288135593,23.4338772908783,"nlmixr2/rxode2"
"KbBO_x0.5",13,10.6542372881356,21.5135661008212,"nlmixr2/rxode2"
"KbBO_x0.5",14,11.4661016949153,19.8155121933499,"nlmixr2/rxode2"
"KbBO_x0.5",15,12.2779661016949,18.2889287926811,"nlmixr2/rxode2"
"KbBO_x0.5",16,13.0898305084746,16.9014368122795,"nlmixr2/rxode2"
"KbBO_x0.5",17,13.9016949152542,15.6315448200075,"nlmixr2/rxode2"
"KbBO_x0.5",18,14.7135593220339,14.4641373542305,"nlmixr2/rxode2"
"KbBO_x0.5",19,15.5254237288136,13.387938940057,"nlmixr2/rxode2"
"KbBO_x0.5",20,16.3372881355932,12.3941189955229,"nlmixr2/rxode2"
"KbBO_x0.5",21,17.1491525423729,11.4753989153938,"nlmixr2/rxode2"
"KbBO_x0.5",22,17.9610169491525,10.6255498017767,"nlmixr2/rxode2"
"KbBO_x0.5",23,18.7728813559322,9.83907695801371,"nlmixr2/rxode2"
"KbBO_x0.5",24,19.5847457627119,9.11105425415917,"nlmixr2/rxode2"
"KbBO_x0.5",25,20.3966101694915,8.43701320956449,"nlmixr2/rxode2"
"KbBO_x0.5",26,21.2084745762712,7.81292302864781,"nlmixr2/rxode2"
"KbBO_x0.5",27,22.0203389830508,7.23505763593617,"nlmixr2/rxode2"
"KbBO_x0.5",28,22.8322033898305,6.69996308948452,"nlmixr2/rxode2"
"KbBO_x0.5",29,23.6440677966102,6.20445622816316,"nlmixr2/rxode2"
"KbBO_x0.5",30,24.4559322033898,5.74560179622099,"nlmixr2/rxode2"
"KbBO_x0.5",31,25.2677966101695,5.32068580510278,"nlmixr2/rxode2"
"KbBO_x0.5",32,26.0796610169492,4.92719727842522,"nlmixr2/rxode2"
"KbBO_x0.5",33,26.8915254237288,4.56281094606541,"nlmixr2/rxode2"
"KbBO_x0.5",34,27.7033898305085,4.22537354183685,"nlmixr2/rxode2"
"KbBO_x0.5",35,28.5152542372881,3.91289169199025,"nlmixr2/rxode2"
"KbBO_x0.5",36,29.3271186440678,3.6235206959023,"nlmixr2/rxode2"
"KbBO_x0.5",37,30.1389830508475,3.35555118592996,"nlmixr2/rxode2"
"KbBO_x0.5",38,30.9508474576271,3.10739896349499,"nlmixr2/rxode2"
"KbBO_x0.5",39,31.7627118644068,2.87759756896721,"nlmixr2/rxode2"
"KbBO_x0.5",40,32.5745762711864,2.66479023218112,"nlmixr2/rxode2"
"KbBO_x0.5",41,33.3864406779661,2.46772080443632,"nlmixr2/rxode2"
"KbBO_x0.5",42,34.1983050847458,2.28522552146045,"nlmixr2/rxode2"
"KbBO_x0.5",43,35.0101694915254,2.11622632506302,"nlmixr2/rxode2"
"KbBO_x0.5",44,35.8220338983051,1.95972499673795,"nlmixr2/rxode2"
"KbBO_x0.5",45,36.6338983050847,1.81479736042058,"nlmixr2/rxode2"
"KbBO_x0.5",46,37.4457627118644,1.68058760821413,"nlmixr2/rxode2"
"KbBO_x0.5",47,38.2576271186441,1.55630311829491,"nlmixr2/rxode2"
"KbBO_x0.5",48,39.0694915254237,1.44120983446666,"nlmixr2/rxode2"
"KbBO_x0.5",49,39.8813559322034,1.3346280197812,"nlmixr2/rxode2"
"KbBO_x0.5",50,40.6932203389831,1.23592824497511,"nlmixr2/rxode2"
"KbBO_x0.5",51,41.5050847457627,1.14452762676145,"nlmixr2/rxode2"
"KbBO_x0.5",52,42.3169491525424,1.05988636705185,"nlmixr2/rxode2"
"KbBO_x0.5",53,43.128813559322,0.981504580714979,"nlmixr2/rxode2"
"KbBO_x0.5",54,43.9406779661017,0.90891935871993,"nlmixr2/rxode2"
"KbBO_x0.5",55,44.7525423728814,0.841702032088689,"nlmixr2/rxode2"
"KbBO_x0.5",56,45.564406779661,0.779455631549839,"nlmixr2/rxode2"
"KbBO_x0.5",57,46.3762711864407,0.721812540927787,"nlmixr2/rxode2"
"KbBO_x0.5",58,47.1881355932203,0.668432329708844,"nlmixr2/rxode2"
"KbBO_x0.5",59,48,0.618999745030973,"nlmixr2/rxode2"
"KbBO_x2",0,0.1,1086.68905169901,"nlmixr2/rxode2"
"KbBO_x2",1,0.911864406779661,309.75745099504,"nlmixr2/rxode2"
"KbBO_x2",2,1.72372881355932,197.000744956471,"nlmixr2/rxode2"
"KbBO_x2",3,2.53559322033898,134.603738328127,"nlmixr2/rxode2"
"KbBO_x2",4,3.34745762711864,96.0686647765994,"nlmixr2/rxode2"
"KbBO_x2",5,4.1593220338983,71.8083332391791,"nlmixr2/rxode2"
"KbBO_x2",6,4.97118644067797,56.2006783786062,"nlmixr2/rxode2"
"KbBO_x2",7,5.78305084745763,45.8660042179598,"nlmixr2/rxode2"
"KbBO_x2",8,6.59491525423729,38.7689616610997,"nlmixr2/rxode2"
"KbBO_x2",9,7.40677966101695,33.6819731412408,"nlmixr2/rxode2"
"KbBO_x2",10,8.21864406779661,29.862876025875,"nlmixr2/rxode2"
"KbBO_x2",11,9.03050847457627,26.8614271523535,"nlmixr2/rxode2"
"KbBO_x2",12,9.84237288135593,24.4030792140466,"nlmixr2/rxode2"
"KbBO_x2",13,10.6542372881356,22.3190863895447,"nlmixr2/rxode2"
"KbBO_x2",14,11.4661016949153,20.5045755718102,"nlmixr2/rxode2"
"KbBO_x2",15,12.2779661016949,18.893268074406,"nlmixr2/rxode2"
"KbBO_x2",16,13.0898305084746,17.442303891927,"nlmixr2/rxode2"
"KbBO_x2",17,13.9016949152542,16.123151586952,"nlmixr2/rxode2"
"KbBO_x2",18,14.7135593220339,14.9160438256397,"nlmixr2/rxode2"
"KbBO_x2",19,15.5254237288136,13.8067016117767,"nlmixr2/rxode2"
"KbBO_x2",20,16.3372881355932,12.7843199579561,"nlmixr2/rxode2"
"KbBO_x2",21,17.1491525423729,11.8403210040926,"nlmixr2/rxode2"
"KbBO_x2",22,17.9610169491525,10.967628786964,"nlmixr2/rxode2"
"KbBO_x2",23,18.7728813559322,10.1602226185463,"nlmixr2/rxode2"
"KbBO_x2",24,19.5847457627119,9.41284098154648,"nlmixr2/rxode2"
"KbBO_x2",25,20.3966101694915,8.72078619126451,"nlmixr2/rxode2"
"KbBO_x2",26,21.2084745762712,8.0798189096063,"nlmixr2/rxode2"
"KbBO_x2",27,22.0203389830508,7.48608572338726,"nlmixr2/rxode2"
"KbBO_x2",28,22.8322033898305,6.93605885831518,"nlmixr2/rxode2"
"KbBO_x2",29,23.6440677966102,6.42649126638684,"nlmixr2/rxode2"
"KbBO_x2",30,24.4559322033898,5.95438733309126,"nlmixr2/rxode2"
"KbBO_x2",31,25.2677966101695,5.5169807891459,"nlmixr2/rxode2"
"KbBO_x2",32,26.0796610169492,5.11171536713617,"nlmixr2/rxode2"
"KbBO_x2",33,26.8915254237288,4.73622613184499,"nlmixr2/rxode2"
"KbBO_x2",34,27.7033898305085,4.38832302814657,"nlmixr2/rxode2"
"KbBO_x2",35,28.5152542372881,4.06597770783899,"nlmixr2/rxode2"
"KbBO_x2",36,29.3271186440678,3.76731141276499,"nlmixr2/rxode2"
"KbBO_x2",37,30.1389830508475,3.49058446103339,"nlmixr2/rxode2"
"KbBO_x2",38,30.9508474576271,3.23418498341116,"nlmixr2/rxode2"
"KbBO_x2",39,31.7627118644068,2.99662188472003,"nlmixr2/rxode2"
"KbBO_x2",40,32.5745762711864,2.77650290782452,"nlmixr2/rxode2"
"KbBO_x2",41,33.3864406779661,2.57255853058958,"nlmixr2/rxode2"
"KbBO_x2",42,34.1983050847458,2.38359378317332,"nlmixr2/rxode2"
"KbBO_x2",43,35.0101694915254,2.20850735113075,"nlmixr2/rxode2"
"KbBO_x2",44,35.8220338983051,2.04628227446249,"nlmixr2/rxode2"
"KbBO_x2",45,36.6338983050847,1.89597460567538,"nlmixr2/rxode2"
"KbBO_x2",46,37.4457627118644,1.75670667330145,"nlmixr2/rxode2"
"KbBO_x2",47,38.2576271186441,1.62766904911122,"nlmixr2/rxode2"
"KbBO_x2",48,39.0694915254237,1.5081097032623,"nlmixr2/rxode2"
"KbBO_x2",49,39.8813559322034,1.3973325121314,"nlmixr2/rxode2"
"KbBO_x2",50,40.6932203389831,1.29469238941713,"nlmixr2/rxode2"
"KbBO_x2",51,41.5050847457627,1.19959162535579,"nlmixr2/rxode2"
"KbBO_x2",52,42.3169491525424,1.1114764262411,"nlmixr2/rxode2"
"KbBO_x2",53,43.128813559322,1.02983367203354,"nlmixr2/rxode2"
"KbBO_x2",54,43.9406779661017,0.954187931634606,"nlmixr2/rxode2"
"KbBO_x2",55,44.7525423728814,0.884098697541626,"nlmixr2/rxode2"
"KbBO_x2",56,45.564406779661,0.819157820895243,"nlmixr2/rxode2"
"KbBO_x2",57,46.3762711864407,0.758987133184073,"nlmixr2/rxode2"
"KbBO_x2",58,47.1881355932203,0.703236243229503,"nlmixr2/rxode2"
"KbBO_x2",59,48,0.65158049733498,"nlmixr2/rxode2"
"KbRB_x0.5",0,0.1,1177.0718638445,"nlmixr2/rxode2"
"KbRB_x0.5",1,0.911864406779661,320.147361393269,"nlmixr2/rxode2"
"KbRB_x0.5",2,1.72372881355932,193.739384423694,"nlmixr2/rxode2"
"KbRB_x0.5",3,2.53559322033898,128.171996513127,"nlmixr2/rxode2"
"KbRB_x0.5",4,3.34745762711864,89.7360730993057,"nlmixr2/rxode2"
"KbRB_x0.5",5,4.1593220338983,66.4972368506458,"nlmixr2/rxode2"
"KbRB_x0.5",6,4.97118644067797,52.0387821158019,"nlmixr2/rxode2"
"KbRB_x0.5",7,5.78305084745763,42.7058003875059,"nlmixr2/rxode2"
"KbRB_x0.5",8,6.59491525423729,36.3948248191879,"nlmixr2/rxode2"
"KbRB_x0.5",9,7.40677966101695,31.8911845217458,"nlmixr2/rxode2"
"KbRB_x0.5",10,8.21864406779661,28.4913968689207,"nlmixr2/rxode2"
"KbRB_x0.5",11,9.03050847457627,25.7861687927758,"nlmixr2/rxode2"
"KbRB_x0.5",12,9.84237288135593,23.5357662771533,"nlmixr2/rxode2"
"KbRB_x0.5",13,10.6542372881356,21.5982164296031,"nlmixr2/rxode2"
"KbRB_x0.5",14,11.4661016949153,19.8881232725736,"nlmixr2/rxode2"
"KbRB_x0.5",15,12.2779661016949,18.3528618691235,"nlmixr2/rxode2"
"KbRB_x0.5",16,13.0898305084746,16.9589193390456,"nlmixr2/rxode2"
"KbRB_x0.5",17,13.9016949152542,15.6840042756677,"nlmixr2/rxode2"
"KbRB_x0.5",18,14.7135593220339,14.5125097036339,"nlmixr2/rxode2"
"KbRB_x0.5",19,15.5254237288136,13.4328866193915,"nlmixr2/rxode2"
"KbRB_x0.5",20,16.3372881355932,12.4360848675914,"nlmixr2/rxode2"
"KbRB_x0.5",21,17.1491525423729,11.5147013874058,"nlmixr2/rxode2"
"KbRB_x0.5",22,17.9610169491525,10.6624168575872,"nlmixr2/rxode2"
"KbRB_x0.5",23,18.7728813559322,9.87369167690215,"nlmixr2/rxode2"
"KbRB_x0.5",24,19.5847457627119,9.14358814303812,"nlmixr2/rxode2"
"KbRB_x0.5",25,20.3966101694915,8.46762987843046,"nlmixr2/rxode2"
"KbRB_x0.5",26,21.2084745762712,7.84173227459579,"nlmixr2/rxode2"
"KbRB_x0.5",27,22.0203389830508,7.2621505689046,"nlmixr2/rxode2"
"KbRB_x0.5",28,22.8322033898305,6.72543648299713,"nlmixr2/rxode2"
"KbRB_x0.5",29,23.6440677966102,6.22840641031752,"nlmixr2/rxode2"
"KbRB_x0.5",30,24.4559322033898,5.76811901786419,"nlmixr2/rxode2"
"KbRB_x0.5",31,25.2677966101695,5.34185530224687,"nlmixr2/rxode2"
"KbRB_x0.5",32,26.0796610169492,4.9470967383076,"nlmixr2/rxode2"
"KbRB_x0.5",33,26.8915254237288,4.58151122229438,"nlmixr2/rxode2"
"KbRB_x0.5",34,27.7033898305085,4.24294175483293,"nlmixr2/rxode2"
"KbRB_x0.5",35,28.5152542372881,3.92939264432876,"nlmixr2/rxode2"
"KbRB_x0.5",36,29.3271186440678,3.6390153660806,"nlmixr2/rxode2"
"KbRB_x0.5",37,30.1389830508475,3.37009707386832,"nlmixr2/rxode2"
"KbRB_x0.5",38,30.9508474576271,3.12105141212573,"nlmixr2/rxode2"
"KbRB_x0.5",39,31.7627118644068,2.89040975883959,"nlmixr2/rxode2"
"KbRB_x0.5",40,32.5745762711864,2.67681228811776,"nlmixr2/rxode2"
"KbRB_x0.5",41,33.3864406779661,2.47899952630606,"nlmixr2/rxode2"
"KbRB_x0.5",42,34.1983050847458,2.2958049035801,"nlmixr2/rxode2"
"KbRB_x0.5",43,35.0101694915254,2.12614806975587,"nlmixr2/rxode2"
"KbRB_x0.5",44,35.8220338983051,1.9690286158112,"nlmixr2/rxode2"
"KbRB_x0.5",45,36.6338983050847,1.8235200924951,"nlmixr2/rxode2"
"KbRB_x0.5",46,37.4457627118644,1.68876447267148,"nlmixr2/rxode2"
"KbRB_x0.5",47,38.2576271186441,1.56396710823999,"nlmixr2/rxode2"
"KbRB_x0.5",48,39.0694915254237,1.44839208690098,"nlmixr2/rxode2"
"KbRB_x0.5",49,39.8813559322034,1.34135789786966,"nlmixr2/rxode2"
"KbRB_x0.5",50,40.6932203389831,1.24223339302015,"nlmixr2/rxode2"
"KbRB_x0.5",51,41.5050847457627,1.15043405592472,"nlmixr2/rxode2"
"KbRB_x0.5",52,42.3169491525424,1.06541856230899,"nlmixr2/rxode2"
"KbRB_x0.5",53,43.128813559322,0.986685594872052,"nlmixr2/rxode2"
"KbRB_x0.5",54,43.9406779661017,0.913770885583922,"nlmixr2/rxode2"
"KbRB_x0.5",55,44.7525423728814,0.846244474040612,"nlmixr2/rxode2"
"KbRB_x0.5",56,45.564406779661,0.783708171679156,"nlmixr2/rxode2"
"KbRB_x0.5",57,46.3762711864407,0.725793215630892,"nlmixr2/rxode2"
"KbRB_x0.5",58,47.1881355932203,0.672158094957147,"nlmixr2/rxode2"
"KbRB_x0.5",59,48,0.62248653609443,"nlmixr2/rxode2"
"KbRB_x2",0,0.1,1052.88660490624,"nlmixr2/rxode2"
"KbRB_x2",1,0.911864406779661,325.565638386283,"nlmixr2/rxode2"
"KbRB_x2",2,1.72372881355932,200.516452716752,"nlmixr2/rxode2"
"KbRB_x2",3,2.53559322033898,134.081194761144,"nlmixr2/rxode2"
"KbRB_x2",4,3.34745762711864,94.5546985412076,"nlmixr2/rxode2"
"KbRB_x2",5,4.1593220338983,70.2143561127843,"nlmixr2/rxode2"
"KbRB_x2",6,4.97118644067797,54.8186678042514,"nlmixr2/rxode2"
"KbRB_x2",7,5.78305084745763,44.7607314818578,"nlmixr2/rxode2"
"KbRB_x2",8,6.59491525423729,37.9187198526302,"nlmixr2/rxode2"
"KbRB_x2",9,7.40677966101695,33.038453048713,"nlmixr2/rxode2"
"KbRB_x2",10,8.21864406779661,29.3762897161081,"nlmixr2/rxode2"
"KbRB_x2",11,9.03050847457627,26.4895903652825,"nlmixr2/rxode2"
"KbRB_x2",12,9.84237288135593,24.1133557741153,"nlmixr2/rxode2"
"KbRB_x2",13,10.6542372881356,22.0875336732316,"nlmixr2/rxode2"
"KbRB_x2",14,11.4661016949153,20.3141897883131,"nlmixr2/rxode2"
"KbRB_x2",15,12.2779661016949,18.732240847528,"nlmixr2/rxode2"
"KbRB_x2",16,13.0898305084746,17.302582338553,"nlmixr2/rxode2"
"KbRB_x2",17,13.9016949152542,15.9992429989877,"nlmixr2/rxode2"
"KbRB_x2",18,14.7135593220339,14.8042491685613,"nlmixr2/rxode2"
"KbRB_x2",19,15.5254237288136,13.7045164775464,"nlmixr2/rxode2"
"KbRB_x2",20,16.3372881355932,12.6900127052281,"nlmixr2/rxode2"
"KbRB_x2",21,17.1491525423729,11.7526952578005,"nlmixr2/rxode2"
"KbRB_x2",22,17.9610169491525,10.8858444593512,"nlmixr2/rxode2"
"KbRB_x2",23,18.7728813559322,10.0836573510335,"nlmixr2/rxode2"
"KbRB_x2",24,19.5847457627119,9.34100688144726,"nlmixr2/rxode2"
"KbRB_x2",25,20.3966101694915,8.65330198178949,"nlmixr2/rxode2"
"KbRB_x2",26,21.2084745762712,8.01637728253176,"nlmixr2/rxode2"
"KbRB_x2",27,22.0203389830508,7.42642351045859,"nlmixr2/rxode2"
"KbRB_x2",28,22.8322033898305,6.87993822270013,"nlmixr2/rxode2"
"KbRB_x2",29,23.6440677966102,6.37369539054726,"nlmixr2/rxode2"
"KbRB_x2",30,24.4559322033898,5.90471941199369,"nlmixr2/rxode2"
"KbRB_x2",31,25.2677966101695,5.47026121902376,"nlmixr2/rxode2"
"KbRB_x2",32,26.0796610169492,5.06777643202502,"nlmixr2/rxode2"
"KbRB_x2",33,26.8915254237288,4.69491005452854,"nlmixr2/rxode2"
"KbRB_x2",34,27.7033898305085,4.34947743153617,"nlmixr2/rxode2"
"KbRB_x2",35,28.5152542372881,4.02946886549583,"nlmixr2/rxode2"
"KbRB_x2",36,29.3271186440678,3.7329764278171,"nlmixr2/rxode2"
"KbRB_x2",37,30.1389830508475,3.45834889628893,"nlmixr2/rxode2"
"KbRB_x2",38,30.9508474576271,3.20388238785927,"nlmixr2/rxode2"
"KbRB_x2",39,31.7627118644068,2.96816289057169,"nlmixr2/rxode2"
"KbRB_x2",40,32.5745762711864,2.74979157551835,"nlmixr2/rxode2"
"KbRB_x2",41,33.3864406779661,2.54746501818199,"nlmixr2/rxode2"
"KbRB_x2",42,34.1983050847458,2.36003747070698,"nlmixr2/rxode2"
"KbRB_x2",43,35.0101694915254,2.18639729946025,"nlmixr2/rxode2"
"KbRB_x2",44,35.8220338983051,2.02553276779458,"nlmixr2/rxode2"
"KbRB_x2",45,36.6338983050847,1.87650326649853,"nlmixr2/rxode2"
"KbRB_x2",46,37.4457627118644,1.7384396383072,"nlmixr2/rxode2"
"KbRB_x2",47,38.2576271186441,1.61053242586785,"nlmixr2/rxode2"
"KbRB_x2",48,39.0694915254237,1.49203873435319,"nlmixr2/rxode2"
"KbRB_x2",49,39.8813559322034,1.38225786011453,"nlmixr2/rxode2"
"KbRB_x2",50,40.6932203389831,1.28056280937906,"nlmixr2/rxode2"
"KbRB_x2",51,41.5050847457627,1.1863426047234,"nlmixr2/rxode2"
"KbRB_x2",52,42.3169491525424,1.09906193858903,"nlmixr2/rxode2"
"KbRB_x2",53,43.128813559322,1.01819454053831,"nlmixr2/rxode2"
"KbRB_x2",54,43.9406779661017,0.943285233204528,"nlmixr2/rxode2"
"KbRB_x2",55,44.7525423728814,0.873878944876442,"nlmixr2/rxode2"
"KbRB_x2",56,45.564406779661,0.809587969437961,"nlmixr2/rxode2"
"KbRB_x2",57,46.3762711864407,0.750018253522326,"nlmixr2/rxode2"
"KbRB_x2",58,47.1881355932203,0.694840467270063,"nlmixr2/rxode2"
"KbRB_x2",59,48,0.643712759926872,"nlmixr2/rxode2"
