obsId,time,value,armScope,wideRangeLowBound,wideRangeHighBound
logC15,P0DT0H12M0S,6.197461422143414,identity,5.65178495200611,6.815451758859934
logC15,P0DT0H13M58.8S,6.455574198477697,identity,6.017126431745995,6.656088465709731
logC15,P0DT0H15M0S,6.318649856486406,identity,5.75071116206377,6.667576185730834
logC15,P0DT0H16M1.2S,6.60934924316738,identity,5.948414318850642,7.270284167484118
logC15,P0DT0H16M58.8S,6.238324625039508,identity,6.19991724969042,6.3744879578555
logC15,P0DT0H19M1.2S,6.736700229209442,identity,6.447359901704366,7.026040556714517
logC15,P0DT0H19M58.8S,5.583496308781699,identity,5.253086457786861,5.929624989515023
logC15,P0DT0H22M1.2S,6.158032707855748,identity,5.741420202390478,6.601012538222753
logC15,P0DT0H22M58.8S,5.476463551931511,identity,4.92881719673836,6.024109907124662
logC15,P0DT0H24M0S,6.244166900663736,identity,5.6197502105973625,6.86858359073011
logC15,P0DT0H25M1.2S,5.977611911561871,identity,5.47980209837494,6.527777480762575
logC15,P0DT0H27M0S,5.676753802268282,identity,5.634564765403527,5.978902237469153
logC15,P0DT0H30M0S,5.474120928650779,identity,5.398742068562523,5.549499788739033
logC15,P0DT0H31M58.8S,6.0063531596017325,identity,5.529429087511423,6.559615237493242
logC15,P0DT0H33M0S,5.3471075307174685,identity,4.812396777645722,5.881818283789215
logC15,P0DT0H34M58.8S,5.87493073085203,identity,5.365976015021851,6.393590753950631
logC15,P0DT0H36M0S,5.8707073513045955,identity,5.8695790007679385,5.871835701841252
logC15,P0DT0H37M1.2S,6.498282149476434,identity,5.8484539345287905,7.148110364424077
logC15,P0DT0H40M1.2S,5.562601019169111,identity,5.330919850684819,5.794282187653402
logC15,P0DT0H42M0S,5.84354441703136,identity,5.47970337479836,6.234687672846294
logC15,P0DT0H43M1.2S,5.218584979222523,identity,5.170961235216128,5.266208723228918
logC15,P0DT0H43M58.8S,5.342334251964811,identity,4.80810082676833,5.876567677161292
logC15,P0DT0H45M0S,5.695345016043778,identity,5.173873861614331,6.162626290044689
logC15,P0DT0H48M0S,5.838414218120082,identity,5.2524392227444805,6.424389213495684
logC15,P0DT0H49M1.2S,5.501249880612782,identity,5.267838898395693,5.734660862829872
logC15,P0DT0H49M58.8S,5.10594547390058,identity,4.595350926510522,5.616540021290638
logC15,P0DT0H52M58.8S,5.407171771460119,identity,4.866454594314107,5.94788894860613
logC15,P0DT1H1M1.2S,5.64455959705296,identity,5.523361074083031,5.765758120022889
logC15,P0DT1H12M0S,5.318119993844216,identity,5.010288825616685,5.80222193529455
logC15,P0DT1H13M58.8S,5.252054087709167,identity,5.235297711025503,5.268810464392831
logC15,P0DT1H15M0S,5.265274173984107,identity,4.661398880592225,5.7507481629343555
logC15,P0DT1H16M58.8S,6.267200548541362,identity,5.640480493687226,6.8939206033954985
logC15,P0DT1H18M0S,4.864567082695675,identity,4.802906810764772,4.926227354626578
logC15,P0DT1H19M1.2S,5.236441962829949,identity,4.712797766546954,5.760086159112944
logC15,P0DT1H27M0S,4.976733742420574,identity,4.479060368178517,5.474407116662632
logC15,P0DT1H31M58.8S,5.147494476813453,identity,4.632745029132107,5.662243924494798
logC15,P0DT1H49M1.2S,4.411851943782446,identity,3.970666749404202,4.853037138160691
logC15,P0DT2H10M1.2S,4.528289141652134,identity,4.0754602274869205,4.981118055817347
logC15,P0DT2H12M0S,4.6913478822291435,identity,4.3958144515577455,5.168079473469115
logC15,P0DT2H15M0S,4.556481728973612,identity,4.052623982058723,5.204006687076795
logC15,P0DT2H18M0S,4.714111052084344,identity,4.579158355682723,4.849063748485965
logC15,P0DT2H25M1.2S,4.426043520090656,identity,3.98343916808159,4.8686478720997215
logC15,P0DT2H31M58.8S,3.9160150266976834,identity,3.5244135240279153,4.3076165293674515
logC15,P0DT3H12M0S,4.258445572902527,identity,3.9314315530177497,4.626885599674285
logC15,P0DT3H13M58.8S,4.1588830833596715,identity,3.7429947750237043,4.574771391695639
logC15,P0DT3H15M0S,4.237608181833018,identity,3.6161748159924105,4.813797293565406
logC15,P0DT3H18M0S,4.460144413937834,identity,4.01412997254405,4.9061588553316176
logC15,P0DT3H19M1.2S,4.004874256238182,identity,3.71524326373766,4.294505248738703
logC15,P0DT3H30M0S,4.563305981889393,identity,4.106975383700453,5.019636580078332
logC15,P0DT4H12M0S,3.9617646446706214,identity,3.524190152964255,4.480463924591542
logC15,P0DT4H13M1.2S,4.1728476237100445,identity,3.75556286133904,4.590132386081049
logC15,P0DT4H15M0S,3.912023005428146,identity,3.373482602254878,4.519126706777448
logC15,P0DT4H16M1.2S,3.7184382563554808,identity,3.3465944307199327,4.090282081991029
logC15,P0DT4H16M58.8S,4.2017030805426,identity,4.105077849620488,4.303873963629788
logC15,P0DT4H18M0S,4.596129441335942,identity,4.136516497202348,5.055742385469537
logC15,P0DT4H25M1.2S,4.084294226368599,identity,3.675864803731739,4.492723649005459
logC15,P0DT6H12M0S,3.6584202466292277,identity,3.246490991901174,4.314817884980432
logC15,P0DT6H13M58.8S,3.4468078929142076,identity,3.147516230334937,3.6621680757845927
logC15,P0DT6H15M0S,3.542322722889442,identity,2.9375704063966888,4.269792122985333
logC15,P0DT6H16M1.2S,3.349904087274605,identity,3.014913678547144,3.6848944960020655
logC15,P0DT6H18M0S,3.330415599501262,identity,3.2347580424370017,3.426073156565522
logC15,P0DT6H19M1.2S,3.676300671907076,identity,3.3086706047163683,4.0439307390977834
logC15,P0DT6H21M0S,3.730501128804756,identity,3.3574510159242803,4.103551241685231
logC15,P0DT6H22M1.2S,3.152736022363656,identity,2.83746242012729,3.4680096246000214
logC15,P0DT6H22M58.8S,3.728100167267218,identity,3.355290150540496,4.10091018399394
logC15,P0DT6H28M58.8S,3.955082494888593,identity,3.559574245399734,4.3505907443774525
logC15,P0DT8H12M0S,3.547946610548766,identity,3.004671516749891,4.007248962364928
logC15,P0DT8H13M58.8S,3.378582460174818,identity,2.629594120330327,4.127570800019309
logC15,P0DT8H15M0S,3.2347491740244907,identity,2.5922471314839575,3.988742428473722
logC15,P0DT8H16M1.2S,3.2188758248682006,identity,2.8969882423813806,3.5407634073550205
logC15,P0DT8H16M58.8S,3.8133070324889884,identity,3.4319763292400896,4.194637735737887
logC15,P0DT8H18M0S,3.8649313978942956,identity,3.478438258104866,4.251424537683725
logC15,P0DT8H19M1.2S,2.8791984572980396,identity,2.5912786115682356,3.1671183030278436
logC15,P0DT8H21M0S,2.9806186357439426,identity,2.6825567721695482,3.278680499318337
logC15,P0DT8H22M58.8S,3.484312288372662,identity,3.1358810595353956,3.832743517209928
logC15,P0DT8H25M1.2S,3.6270040503958487,identity,3.264303645356264,3.9897044554354335
logC15,P0DT8H25M58.8S,3.708682081410116,identity,3.3378138732691043,4.079550289551127
logC15,P0DT9H10M1.2S,3.1570004211501135,identity,2.8413003790351024,3.4727004632651246
logC15,P0DT12H12M0S,2.7209490475127804,identity,2.3331100863267635,3.5550013905681874
logC15,P0DT12H13M58.8S,2.911152988420154,identity,2.8719913024276056,2.9503146744127027
logC15,P0DT12H15M0S,3.005682604407159,identity,2.2392188538262032,3.832979798087693
logC15,P0DT12H16M58.8S,2.8213788864092133,identity,2.3538867656287477,3.7105190622237707
logC15,P0DT12H18M0S,3.4339872044851463,identity,3.0905884840366316,3.777385924933661
logC15,P0DT12H19M1.2S,3.4011973816621555,identity,3.06107764349594,3.741317119828371
logC15,P0DT12H19M58.8S,3.2256299998805966,identity,2.631161112309228,3.612914730255294
logC15,P0DT12H21M0S,3.099726925325257,identity,2.796981727346836,3.4024721233036783
logC15,P0DT12H22M1.2S,2.667228206581955,identity,2.2974234526180273,3.052208329773715
logC15,P0DT12H31M1.2S,3.580737295494233,identity,3.22266356594481,3.9388110250436563
logC15,P1DT0H12M0S,1.9211703052801457,identity,1.1216722564748862,2.892834817064193
logC15,P1DT0H13M58.8S,1.7404661748405046,identity,1.566419557356454,1.914512792324555
logC15,P1DT0H15M0S,2.3702437414678603,identity,2.1332193673210744,2.607268115614646
logC15,P1DT0H18M0S,3.0726933146901194,identity,2.55438084351266,3.2023380021576164
logC15,P1DT0H24M0S,2.6946271807700692,identity,2.425164462693062,2.9640898988470763
logC15,P1DT0H28M1.2S,2.714694743820879,identity,2.443225269438791,2.986164218202967
logC15,P1DT12H10M1.2S,1.6730061568058434,identity,1.019615131853082,2.0742610843295224
logC15,P1DT12H21M0S,1.3635373739972745,identity,1.227183636597547,1.499891111397002
logC15,P2DT0H9M0S,1.3812818192963463,identity,1.2431536373667116,1.519410001225981
logC15,P2DT0H10M1.2S,1.220934330048216,identity,0.7423919313555506,1.5718789440873295
