dose,WT,CLint,KbBR,KbMU,KbBO,KbAD,KbRB,id_ref,id
25.0,94.3,1877.5574224113222,9.624587695476391,3.0928160654272574,1.0793253614990743,13.026210364123433,3.13187026240993,793,e3e70682-c209-4cac-a29f-6fbed82c07cd
25.0,80.4,2962.4271582854367,9.624587695476391,3.0928160654272574,1.0793253614990743,13.026210364123433,3.13187026240993,794,f728b4fa-4248-4e3a-8a5d-2f346baa9455
25.0,71.8,3944.3111841749724,9.624587695476391,3.0928160654272574,1.0793253614990743,13.026210364123433,3.13187026240993,795,eb1167b3-67a9-4378-bc65-c1e582e2e662
25.0,77.4,3888.9444465686997,9.624587695476391,3.0928160654272574,1.0793253614990743,13.026210364123433,3.13187026240993,796,f7c1bd87-4da5-4709-9471-3d60c8a70639
25.0,64.3,1779.1212286599769,9.624587695476391,3.0928160654272574,1.0793253614990743,13.026210364123433,3.13187026240993,797,e443df78-9558-467f-9ba9-1faf7a024204
25.0,74.1,2758.7408131723396,9.624587695476391,3.0928160654272574,1.0793253614990743,13.026210364123433,3.13187026240993,798,23a7711a-8133-4876-b7eb-dcd9e87a1613
25.0,87.9,2519.9531794609015,9.624587695476391,3.0928160654272574,1.0793253614990743,13.026210364123433,3.13187026240993,799,1846d424-c17c-4279-a3c6-612f48268673
25.0,61.9,7258.190315681629,9.624587695476391,3.0928160654272574,1.0793253614990743,13.026210364123433,3.13187026240993,800,fcbd04c3-4021-4ef7-8ca5-a5a19e4d6e3c
25.0,65.3,2571.9859475519843,9.624587695476391,3.0928160654272574,1.0793253614990743,13.026210364123433,3.13187026240993,801,b4862b21-fb97-4435-8856-1712e8e5216a
25.0,103.5,4371.0600057808615,9.624587695476391,3.0928160654272574,1.0793253614990743,13.026210364123433,3.13187026240993,802,259f4329-e6f4-490b-9a16-4106cf6a659e
25.0,83.0,3024.2997950624454,9.624587695476391,3.0928160654272574,1.0793253614990743,13.026210364123433,3.13187026240993,803,12e0c8b2-bad6-40fb-9948-8dec4f65d4d9
25.0,68.7,7186.935260864769,9.624587695476391,3.0928160654272574,1.0793253614990743,13.026210364123433,3.13187026240993,804,5487ce1e-af19-422a-99b8-a714e61a441c
37.5,64.4,3749.0114766840775,9.624587695476391,3.0928160654272574,1.0793253614990743,13.026210364123433,3.13187026240993,805,5a921187-19c7-4df4-8f4f-f31e78de5857
37.5,69.8,3031.997907790536,9.624587695476391,3.0928160654272574,1.0793253614990743,13.026210364123433,3.13187026240993,806,a3f2c9bf-9c63-46b9-90f2-44556f25e2a2
37.5,86.1,3005.381289810594,9.624587695476391,3.0928160654272574,1.0793253614990743,13.026210364123433,3.13187026240993,807,8d723104-f773-43c1-b458-a748e9bb17bc
37.5,84.5,3150.665581297109,9.624587695476391,3.0928160654272574,1.0793253614990743,13.026210364123433,3.13187026240993,808,85776e9a-dd84-439e-b154-5a137a1d5006
37.5,99.1,2877.2030794376283,9.624587695476391,3.0928160654272574,1.0793253614990743,13.026210364123433,3.13187026240993,809,eb2083e6-ce16-4dba-8ff1-8e0242af9fc3
37.5,71.2,3159.1141820948205,9.624587695476391,3.0928160654272574,1.0793253614990743,13.026210364123433,3.13187026240993,810,17e0aa3c-0398-4ca8-aa7e-9d498c778ea6
37.5,82.6,3045.688971510296,9.624587695476391,3.0928160654272574,1.0793253614990743,13.026210364123433,3.13187026240993,811,b5d32b16-6619-4cb1-9710-37d1b83e90ec
37.5,85.4,5098.415274599747,9.624587695476391,3.0928160654272574,1.0793253614990743,13.026210364123433,3.13187026240993,812,a0116be5-ab0c-4681-88f8-e3d0d3290a4c
37.5,76.1,1649.3740242736353,9.624587695476391,3.0928160654272574,1.0793253614990743,13.026210364123433,3.13187026240993,813,d3fbf47a-7e5b-4e7f-9ca5-499d004ae545
37.5,78.3,3995.9706917790522,9.624587695476391,3.0928160654272574,1.0793253614990743,13.026210364123433,3.13187026240993,814,baf3897a-3e70-416a-9548-5822de1b372a
37.5,73.3,4692.4661290484155,9.624587695476391,3.0928160654272574,1.0793253614990743,13.026210364123433,3.13187026240993,815,101fbccc-ded7-43e8-b421-eaeb534097ca
37.5,102.1,5968.974044476393,9.624587695476391,3.0928160654272574,1.0793253614990743,13.026210364123433,3.13187026240993,816,38c1962e-9148-424f-aac1-c14f30e9c5cc
50.0,79.5,1220.6898011544931,9.624587695476391,3.0928160654272574,1.0793253614990743,13.026210364123433,3.13187026240993,817,247a8333-f7b0-47d2-8da8-056c3d15eef7
50.0,97.5,2183.4827665344187,9.624587695476391,3.0928160654272574,1.0793253614990743,13.026210364123433,3.13187026240993,818,1759edc3-72ae-4244-8b01-63c1cd9d2b7d
50.0,80.7,1859.3122407818469,9.624587695476391,3.0928160654272574,1.0793253614990743,13.026210364123433,3.13187026240993,819,e005b860-51ef-4922-be43-c49e149818d1
50.0,83.2,3427.0554265047263,9.624587695476391,3.0928160654272574,1.0793253614990743,13.026210364123433,3.13187026240993,820,7d41e602-eece-428b-bf7b-118e820865d6
50.0,58.0,1268.566170796198,9.624587695476391,3.0928160654272574,1.0793253614990743,13.026210364123433,3.13187026240993,821,4a84eb03-8d1f-49b7-8d2b-9deb1beb3711
50.0,85.7,885.4963172628691,9.624587695476391,3.0928160654272574,1.0793253614990743,13.026210364123433,3.13187026240993,822,552f233a-8c25-466a-9ff3-9849b4e1357d
50.0,74.2,2749.4039426263544,9.624587695476391,3.0928160654272574,1.0793253614990743,13.026210364123433,3.13187026240993,823,3405095c-8a50-46c1-ac18-8efbd080e66e
50.0,70.4,2097.0558761196658,9.624587695476391,3.0928160654272574,1.0793253614990743,13.026210364123433,3.13187026240993,824,8c1745a7-9a6a-4f92-8ca7-4147f6be1f72
50.0,78.9,1255.2766309083586,9.624587695476391,3.0928160654272574,1.0793253614990743,13.026210364123433,3.13187026240993,825,1775336d-71ea-4d05-89a3-e80e966e1277
50.0,89.3,1253.4556927699002,9.624587695476391,3.0928160654272574,1.0793253614990743,13.026210364123433,3.13187026240993,826,5129fb7c-6288-41a5-8c45-782198a6416d
50.0,96.8,2181.804637379405,9.624587695476391,3.0928160654272574,1.0793253614990743,13.026210364123433,3.13187026240993,827,2f120554-4a53-48cc-bdfa-bc08935ddd72
50.0,74.8,3961.355446263331,9.624587695476391,3.0928160654272574,1.0793253614990743,13.026210364123433,3.13187026240993,828,0870e15c-2fcd-41b5-924b-ace4307bf326
25.0,85.4,3450.4750617435684,9.624587695476391,3.0928160654272574,1.0793253614990743,13.026210364123433,3.13187026240993,829,42930b33-a81a-4477-bb36-75b89cdeb3e6
25.0,79.5,6058.582476430891,9.624587695476391,3.0928160654272574,1.0793253614990743,13.026210364123433,3.13187026240993,830,adc0da7a-16fe-4aa0-91af-923d79fdef7c
50.0,99.1,659.8409955555738,9.624587695476391,3.0928160654272574,1.0793253614990743,13.026210364123433,3.13187026240993,831,2648ee38-e074-45eb-a156-63abc1f254b8
50.0,88.3,1236.4174347716457,9.624587695476391,3.0928160654272574,1.0793253614990743,13.026210364123433,3.13187026240993,832,148b2758-d7ab-4928-89e4-69e6ec62b2c8
25.0,91.6,1986.036914220148,9.624587695476391,3.0928160654272574,1.0793253614990743,13.026210364123433,3.13187026240993,833,d450fe4a-ec4f-417b-b306-d1a8e5eeac76
25.0,69.2,4090.2221206636073,9.624587695476391,3.0928160654272574,1.0793253614990743,13.026210364123433,3.13187026240993,834,d67e55fd-642b-4a42-aef9-c00b8a64c1b9
25.0,92.0,1958.7191878431247,9.624587695476391,3.0928160654272574,1.0793253614990743,13.026210364123433,3.13187026240993,835,85940927-468f-453d-864a-7a50b48d73f1
25.0,80.5,3982.932576594439,9.624587695476391,3.0928160654272574,1.0793253614990743,13.026210364123433,3.13187026240993,836,37176e84-d977-4993-bc49-d76fcfc6e625
50.0,85.9,2497.2074397162974,9.624587695476391,3.0928160654272574,1.0793253614990743,13.026210364123433,3.13187026240993,837,d3447490-96fd-45d0-adf2-0806e5214606
50.0,94.5,940.9247812411181,9.624587695476391,3.0928160654272574,1.0793253614990743,13.026210364123433,3.13187026240993,838,46743741-9466-4472-ab5f-5241f323ca74
50.0,101.8,1037.458578210757,9.624587695476391,3.0928160654272574,1.0793253614990743,13.026210364123433,3.13187026240993,840,a425799a-a905-4750-be1e-a9c573581a81
25.0,102.7,4051.8601864839875,9.624587695476391,3.0928160654272574,1.0793253614990743,13.026210364123433,3.13187026240993,841,fb82860d-eabc-48d0-b341-facdff0ac0f1
50.0,56.6,1306.1011892247004,9.624587695476391,3.0928160654272574,1.0793253614990743,13.026210364123433,3.13187026240993,842,5306f3f5-1516-4570-9b7c-709acb175a5a
25.0,70.7,4778.670455092091,9.624587695476391,3.0928160654272574,1.0793253614990743,13.026210364123433,3.13187026240993,843,964a870c-7c87-4b74-9d87-8f9f9cdf5a86
50.0,81.6,1309.0106642315525,9.624587695476391,3.0928160654272574,1.0793253614990743,13.026210364123433,3.13187026240993,844,30bcab0e-d857-4102-95d4-4936a1515607
25.0,90.6,4552.669511866051,9.624587695476391,3.0928160654272574,1.0793253614990743,13.026210364123433,3.13187026240993,845,4562be7f-bb42-40b2-8426-465e3e37952d
25.0,83.8,11486.608714930824,9.624587695476391,3.0928160654272574,1.0793253614990743,13.026210364123433,3.13187026240993,846,5f3f5638-3870-4a14-b490-b6081dfc8352
25.0,82.1,9233.010206036142,9.624587695476391,3.0928160654272574,1.0793253614990743,13.026210364123433,3.13187026240993,847,6d16ee18-5521-46dd-aba4-b180cb69ca38
50.0,78.7,1339.3632741210479,9.624587695476391,3.0928160654272574,1.0793253614990743,13.026210364123433,3.13187026240993,848,c87a7463-19c1-4a0d-8feb-d845d0dfae43
50.0,79.8,1477.0210035508815,9.624587695476391,3.0928160654272574,1.0793253614990743,13.026210364123433,3.13187026240993,849,38018b47-b29a-4b06-9af6-6c5f2577bffa
50.0,74.9,2731.309129196501,9.624587695476391,3.0928160654272574,1.0793253614990743,13.026210364123433,3.13187026240993,850,a25b59fd-92e8-4269-912e-cbc40b9475b1
25.0,73.2,7067.6224063773,9.624587695476391,3.0928160654272574,1.0793253614990743,13.026210364123433,3.13187026240993,851,9a27d858-88c1-42ad-afbf-c19ee8f6cf32
50.0,85.2,4442.232963765664,9.624587695476391,3.0928160654272574,1.0793253614990743,13.026210364123433,3.13187026240993,852,1fdb8b32-06d5-49e8-92f1-75ffae3b16ec
25.0,90.1,2780.067636061967,9.624587695476391,3.0928160654272574,1.0793253614990743,13.026210364123433,3.13187026240993,853,d480865f-9b38-4e80-b042-e325a28f5ab0
25.0,99.8,16213.223555981484,9.624587695476391,3.0928160654272574,1.0793253614990743,13.026210364123433,3.13187026240993,854,176ea1b1-6426-4cd5-9ea4-5cd69371a71f
50.0,58.4,1140.7441443738237,9.624587695476391,3.0928160654272574,1.0793253614990743,13.026210364123433,3.13187026240993,855,1db53334-fb03-43a1-9576-d4155ec17dbe
50.0,69.4,2000.4123486844753,9.624587695476391,3.0928160654272574,1.0793253614990743,13.026210364123433,3.13187026240993,857,31d0b664-0589-4877-9b02-52440950fd13
50.0,73.1,1819.3867410416885,9.624587695476391,3.0928160654272574,1.0793253614990743,13.026210364123433,3.13187026240993,858,b7d6467b-2f5a-422a-b87f-43fdf6062541
50.0,88.0,1466.5205583961522,9.624587695476391,3.0928160654272574,1.0793253614990743,13.026210364123433,3.13187026240993,859,ba26d851-35e8-479a-baaf-0e891fb797fa
25.0,80.3,3031.805599887008,9.624587695476391,3.0928160654272574,1.0793253614990743,13.026210364123433,3.13187026240993,860,ade9b2b4-efdd-45f8-8fa3-4266ccfdba9b
25.0,99.3,6513.733160411491,9.624587695476391,3.0928160654272574,1.0793253614990743,13.026210364123433,3.13187026240993,861,9edfa3da-6cf5-4b15-8b53-031d05d51433
25.0,96.0,8118.363055997019,9.624587695476391,3.0928160654272574,1.0793253614990743,13.026210364123433,3.13187026240993,862,11ebcd49-428a-4c22-95fd-b76a19fbeb1d
50.0,102.7,2235.2854328669905,9.624587695476391,3.0928160654272574,1.0793253614990743,13.026210364123433,3.13187026240993,863,4d125e7f-a59c-4c98-926c-bc8f38884479
25.0,71.4,1982.1317490770898,9.624587695476391,3.0928160654272574,1.0793253614990743,13.026210364123433,3.13187026240993,864,0fa07a3f-2e29-4065-afa2-31e959acdd98
25.0,86.0,4547.763538671603,9.624587695476391,3.0928160654272574,1.0793253614990743,13.026210364123433,3.13187026240993,865,98b33c6e-0a14-490a-b795-e98680ee526e
50.0,89.3,1901.024325970049,9.624587695476391,3.0928160654272574,1.0793253614990743,13.026210364123433,3.13187026240993,866,642aad48-fcfc-4a81-b306-d70019d5f970
50.0,72.4,1958.8393298076808,9.624587695476391,3.0928160654272574,1.0793253614990743,13.026210364123433,3.13187026240993,867,e786ab37-5bca-47be-8298-17c53308fb2e
25.0,70.4,2309.4199956766397,9.624587695476391,3.0928160654272574,1.0793253614990743,13.026210364123433,3.13187026240993,868,e6fd68e8-d69c-41c2-b860-1602bb4a06cb
25.0,74.3,8786.448687283802,9.624587695476391,3.0928160654272574,1.0793253614990743,13.026210364123433,3.13187026240993,869,b29c467d-2b5f-4932-91dc-59efeb21a3f6
25.0,102.5,3326.9906705220224,9.624587695476391,3.0928160654272574,1.0793253614990743,13.026210364123433,3.13187026240993,870,c470f0e7-f76f-4fb8-b412-fc12ac322c12
25.0,72.7,10298.230109015945,9.624587695476391,3.0928160654272574,1.0793253614990743,13.026210364123433,3.13187026240993,871,28805c5d-ad1b-4f60-89e4-dab20edc6d2b
50.0,97.3,1039.3376352558694,9.624587695476391,3.0928160654272574,1.0793253614990743,13.026210364123433,3.13187026240993,872,878b9f6b-57a1-4b71-a975-d279d86dbf11
50.0,75.7,1502.4075190861126,9.624587695476391,3.0928160654272574,1.0793253614990743,13.026210364123433,3.13187026240993,873,ebe21368-98c7-4205-9e01-a934402d0baf
25.0,81.0,8797.397607983372,9.624587695476391,3.0928160654272574,1.0793253614990743,13.026210364123433,3.13187026240993,874,0361524c-2cc0-4859-aa65-24ab713b7e05
25.0,66.2,5691.758027812637,9.624587695476391,3.0928160654272574,1.0793253614990743,13.026210364123433,3.13187026240993,875,e66cd36e-68ef-4f5f-ae68-690a78bc7175
25.0,80.9,8148.522078162748,9.624587695476391,3.0928160654272574,1.0793253614990743,13.026210364123433,3.13187026240993,876,eae2025e-8233-4e23-9ff3-334b91b15f5d
50.0,92.2,743.5657953481085,9.624587695476391,3.0928160654272574,1.0793253614990743,13.026210364123433,3.13187026240993,877,637e0edc-5b6e-4ae7-a620-81434fbaecc0
50.0,92.9,1147.4795608376562,9.624587695476391,3.0928160654272574,1.0793253614990743,13.026210364123433,3.13187026240993,878,27460f22-403d-4f83-a859-890cd670f668
25.0,58.2,4250.643348222058,9.624587695476391,3.0928160654272574,1.0793253614990743,13.026210364123433,3.13187026240993,879,753c7c99-032f-46ca-b0d9-c2aa8f837ef7
50.0,69.8,2120.429665954676,9.624587695476391,3.0928160654272574,1.0793253614990743,13.026210364123433,3.13187026240993,880,bd30291a-55fe-408e-943e-2e04bdd7d19b
50.0,69.6,1363.6657092832188,9.624587695476391,3.0928160654272574,1.0793253614990743,13.026210364123433,3.13187026240993,881,2284b7a4-47e7-4593-8b58-85ca0bb2c3f0
25.0,62.3,7623.778238773467,9.624587695476391,3.0928160654272574,1.0793253614990743,13.026210364123433,3.13187026240993,882,7b59051b-f400-48d7-831d-5a973d792fa1
25.0,63.6,2906.1864554250565,9.624587695476391,3.0928160654272574,1.0793253614990743,13.026210364123433,3.13187026240993,883,ac642b4c-49b2-4ded-9c31-d9b25a2b745b
25.0,75.1,10139.074683226974,9.624587695476391,3.0928160654272574,1.0793253614990743,13.026210364123433,3.13187026240993,884,e456697c-f268-4baa-971c-702d5bf49c04
50.0,93.8,1378.3462748328404,9.624587695476391,3.0928160654272574,1.0793253614990743,13.026210364123433,3.13187026240993,885,21e15094-9efe-4464-9a90-f534a23d4c9d
25.0,85.9,11658.551848472978,9.624587695476391,3.0928160654272574,1.0793253614990743,13.026210364123433,3.13187026240993,886,bf9cc545-6355-48f7-8f6f-a985b732d46f
25.0,87.1,7402.255785054748,9.624587695476391,3.0928160654272574,1.0793253614990743,13.026210364123433,3.13187026240993,887,14aa451c-a69c-4b85-9432-f8db6a174c1c
50.0,81.9,2210.427946059336,9.624587695476391,3.0928160654272574,1.0793253614990743,13.026210364123433,3.13187026240993,888,b2d650af-313b-42b7-9836-31890063e42f
25.0,78.6,1042.4735280361858,9.624587695476391,3.0928160654272574,1.0793253614990743,13.026210364123433,3.13187026240993,889,391cf046-3d4a-4d51-a8fa-fd04559b5975
50.0,68.8,1925.886174512843,9.624587695476391,3.0928160654272574,1.0793253614990743,13.026210364123433,3.13187026240993,890,b5d97ef7-60ef-4471-b2b8-ff39a32c9b6f
50.0,81.0,1220.5692468571872,9.624587695476391,3.0928160654272574,1.0793253614990743,13.026210364123433,3.13187026240993,891,dfe1b307-9172-4f0a-ac7c-8803e01bbf50
25.0,84.6,7031.943475434398,9.624587695476391,3.0928160654272574,1.0793253614990743,13.026210364123433,3.13187026240993,892,df26f517-66fa-4989-8813-5d586a1689ad
25.0,88.2,6214.1704650443735,9.624587695476391,3.0928160654272574,1.0793253614990743,13.026210364123433,3.13187026240993,893,c5adf681-6b10-453a-9145-de05b3ab1b2c
25.0,90.0,3404.5730901488355,9.624587695476391,3.0928160654272574,1.0793253614990743,13.026210364123433,3.13187026240993,894,2a69acc7-0bf9-40ef-b581-6b74a985ab61
25.0,58.9,5522.598762616132,9.624587695476391,3.0928160654272574,1.0793253614990743,13.026210364123433,3.13187026240993,895,b3969057-425c-4200-905a-da6b720299e3
50.0,90.1,2093.7817223851107,9.624587695476391,3.0928160654272574,1.0793253614990743,13.026210364123433,3.13187026240993,896,e28bc9ff-870f-484c-b244-f536285e25b4
50.0,115.3,2206.0461731221544,9.624587695476391,3.0928160654272574,1.0793253614990743,13.026210364123433,3.13187026240993,897,9a9e4310-8fb8-4bab-a875-4cd37cbd7025
25.0,72.2,5863.613668431949,9.624587695476391,3.0928160654272574,1.0793253614990743,13.026210364123433,3.13187026240993,898,09f6048f-e245-4460-8004-884cc167733f
25.0,70.5,3826.2019468683966,9.624587695476391,3.0928160654272574,1.0793253614990743,13.026210364123433,3.13187026240993,899,d675ebf7-4fe3-4c9a-9371-0f577e9cf84f
50.0,82.1,1629.741972513679,9.624587695476391,3.0928160654272574,1.0793253614990743,13.026210364123433,3.13187026240993,900,d29dc5df-cf1d-4110-8cc3-6d8c77863fe5
25.0,77.5,6545.470660058566,9.624587695476391,3.0928160654272574,1.0793253614990743,13.026210364123433,3.13187026240993,901,6a46721a-cffa-4cdd-b963-a7efe00111e5
50.0,99.1,2030.951279692763,9.624587695476391,3.0928160654272574,1.0793253614990743,13.026210364123433,3.13187026240993,902,f689a4a5-ffda-4336-8c6e-90373020da5c
50.0,90.0,1511.2255778726844,9.624587695476391,3.0928160654272574,1.0793253614990743,13.026210364123433,3.13187026240993,903,d663049d-155e-48b1-ba83-ada4a2121ac5
50.0,83.4,1881.5563912477326,9.624587695476391,3.0928160654272574,1.0793253614990743,13.026210364123433,3.13187026240993,905,03c54c71-fca0-4536-a169-df82b9bdee2d
25.0,105.1,11067.967089592843,9.624587695476391,3.0928160654272574,1.0793253614990743,13.026210364123433,3.13187026240993,906,6ae04d52-adb3-48cb-b315-8c0c66dd7794
25.0,97.3,6514.954468527286,9.624587695476391,3.0928160654272574,1.0793253614990743,13.026210364123433,3.13187026240993,907,03a89879-36a9-4d74-80de-59f550f0fc2b
25.0,85.8,4114.268502326544,9.624587695476391,3.0928160654272574,1.0793253614990743,13.026210364123433,3.13187026240993,908,faf1501b-009a-415b-8137-8be5b7a28e0a
25.0,85.4,24037.25677742195,9.624587695476391,3.0928160654272574,1.0793253614990743,13.026210364123433,3.13187026240993,909,9cb017c1-8741-4e91-acfe-bb4bd29e8693
50.0,84.4,1401.8229921334612,9.624587695476391,3.0928160654272574,1.0793253614990743,13.026210364123433,3.13187026240993,910,9bbd750d-1e70-4c52-b0c1-fb6a19086515
25.0,77.1,8441.356943745282,9.624587695476391,3.0928160654272574,1.0793253614990743,13.026210364123433,3.13187026240993,911,4d6b234f-dfa7-46ed-b2d1-f81ba636425c
50.0,113.2,3487.483999303415,9.624587695476391,3.0928160654272574,1.0793253614990743,13.026210364123433,3.13187026240993,912,2ea60b99-fa7f-48bf-b044-284a47acf2f6
25.0,89.0,3419.4625646535515,9.624587695476391,3.0928160654272574,1.0793253614990743,13.026210364123433,3.13187026240993,913,ec3aa314-da9b-4017-b9c1-47c719a5711b
25.0,110.8,7943.576444267954,9.624587695476391,3.0928160654272574,1.0793253614990743,13.026210364123433,3.13187026240993,914,0597aab6-14d3-4dbc-a0ac-f4c9658de17e
50.0,96.3,1882.050049204225,9.624587695476391,3.0928160654272574,1.0793253614990743,13.026210364123433,3.13187026240993,915,ccc14d51-73f6-40d8-a9f4-1cc04653a560
